id,X1,X2,F,subcluster_id
1,4.4760133703686265,2.2448446771378707,0.0257333118597222,1
180,10.742432088884703,1.2244607329842931,0.0224275143169754,0
79,11.100513158514191,1.6326143106457245,0.0205839623278446,0
163,11.63763476295843,-2.040767888307155,0.0159760867363045,0
12,4.4760133703686265,4.4896893542757415,0.0333541971083501,1
33,5.371216044442352,3.673382198952879,0.0352949561005526,1
201,9.757709147403606,0.1020383944153577,0.139010077033333,0
7,4.4760133703686265,3.469305410122164,0.0834673769419556,1
177,10.205310484440467,0.6122303664921466,0.0302063833840909,0
139,5.908337648886587,3.673382198952879,0.0305457341977275,1
44,8.772986205922507,1.2244607329842931,0.0227236619024885,0
73,10.026269949625725,0.408153577661431,0.0425070537990192,0
56,10.921472623699447,-1.2244607329842931,0.0216170220436761,0
105,4.4760133703686265,2.4489214659685863,0.0282181677746954,1
102,9.757709147403606,0.1020383944153577,0.139010077033333,0
66,8.772986205922507,-1.0203839441535776,0.0226092485428365,0
195,9.757709147403606,0.1020383944153577,0.139010077033333,0
35,5.729297114071842,3.673382198952879,0.0318371922259532,1
137,5.550256579257097,3.673382198952879,0.0333047485351202,1
133,4.8340944399981165,3.673382198952879,0.0567928641914751,1
108,4.4760133703686265,3.061151832460733,0.0385915630566562,1
115,4.4760133703686265,4.4896893542757415,0.0333541971083501,1
65,8.593945671107763,-1.2244607329842931,0.0217542543478476,0
107,4.4760133703686265,2.8570750436300174,0.0334685762948465,1
95,9.757709147403606,0.1020383944153577,0.139010077033333,0
194,4.4760133703686265,3.673382198952879,0.150777987567938,1
203,9.757709147403606,0.1020383944153577,0.139010077033333,0
191,4.4760133703686265,3.673382198952879,0.150777987567938,1
167,8.414905136293017,-1.4285375218150087,0.0210437373694996,0
128,3.938891765924392,3.673382198952879,0.0440064328318081,1
45,8.952026740737253,1.0203839441535776,0.0239373868889789,0
16,4.4760133703686265,5.305996509598604,0.0207471580904886,1
98,9.757709147403606,0.1020383944153577,0.139010077033333,0
32,5.192175509627607,3.673382198952879,0.0384184835737338,1
48,9.489148345181489,0.408153577661431,0.0425658718811403,0
63,8.235864601478273,-1.6326143106457245,0.0202899643863328,0
40,8.056824066663527,2.040767888307155,0.0170215785840165,0
26,4.117932300739136,3.673382198952879,0.0567139152293446,1
81,11.458594228143683,2.040767888307155,0.0162761492932418,0
193,4.4760133703686265,3.673382198952879,0.150777987567938,1
5,4.4760133703686265,3.061151832460733,0.0385915630566562,1
121,2.685608022221176,3.673382198952879,0.0264419468703225,1
30,4.8340944399981165,3.673382198952879,0.0567928641914751,1
28,4.4760133703686265,3.673382198952879,0.150777987567938,1
9,4.4760133703686265,3.8774589877835934,0.0834383500696385,1
123,3.043689091850666,3.673382198952879,0.030211137123225,1
93,9.757709147403606,0.1020383944153577,0.139010077033333,0
42,8.414905136293017,1.6326143106457245,0.0210657257578422,0
151,9.489148345181489,0.408153577661431,0.0425658718811403,0
94,9.757709147403606,0.1020383944153577,0.139010077033333,0
131,4.4760133703686265,3.673382198952879,0.150777987567938,1
72,9.84722941481098,0.2040767888307155,0.0978542628226995,0
2,4.4760133703686265,2.4489214659685863,0.0282181677746954,1
88,4.4760133703686265,3.673382198952879,0.150777987567938,1
173,9.489148345181489,-0.2040767888307155,0.0425412521513689,0
92,9.757709147403606,0.1020383944153577,0.139010077033333,0
182,11.100513158514191,1.6326143106457245,0.0205839623278446,0
52,10.205310484440467,-0.408153577661431,0.030193340728226,0
185,4.4760133703686265,3.673382198952879,0.150777987567938,1
169,8.772986205922507,-1.0203839441535776,0.0226092485428365,0
132,4.655053905183372,3.673382198952879,0.0922339602943547,1
53,10.384351019255211,-0.6122303664921466,0.0258378124145992,0
10,4.4760133703686265,4.08153577661431,0.049798265022507,1
85,4.4760133703686265,3.673382198952879,0.150777987567938,1
19,2.864648557035921,3.673382198952879,0.0287183568110648,1
57,11.100513158514191,-1.4285375218150087,0.0208977576092969,0
136,5.371216044442352,3.673382198952879,0.0352949561005526,1
55,10.742432088884703,-1.0203839441535776,0.0224834342418378,0
90,4.4760133703686265,3.673382198952879,0.150777987567938,1
77,10.742432088884703,1.2244607329842931,0.0224275143169754,0
146,8.593945671107763,1.4285375218150087,0.0218615200175298,0
125,3.4017701614801563,3.673382198952879,0.0330604139868117,1
99,9.757709147403606,0.1020383944153577,0.139010077033333,0
122,2.864648557035921,3.673382198952879,0.0287183568110648,1
141,6.266418718516077,3.673382198952879,0.0268743271858852,1
124,3.222729626665411,3.673382198952879,0.031548557055511,1
171,9.131067275552,-0.6122303664921466,0.0259315035683069,0
148,8.952026740737253,1.0203839441535776,0.0239373868889789,0
22,3.4017701614801563,3.673382198952879,0.0330604139868117,1
119,4.4760133703686265,5.305996509598604,0.0207471580904886,1
103,4.4760133703686265,2.040767888307155,0.0209651069005809,1
21,3.222729626665411,3.673382198952879,0.031548557055511,1
58,11.27955369332894,-1.6326143106457245,0.0201376100654642,0
118,4.4760133703686265,5.101919720767888,0.0255396927555974,1
165,8.056824066663527,-1.83669109947644,0.0191441650722482,0
31,5.0131349748128615,3.673382198952879,0.0441254373520443,1
47,9.310107810366745,0.6122303664921466,0.0303122378813158,0
129,4.117932300739136,3.673382198952879,0.0567139152293446,1
200,9.757709147403606,0.1020383944153577,0.139010077033333,0
147,8.772986205922507,1.2244607329842931,0.0227236619024885,0
143,8.056824066663527,2.040767888307155,0.0170215785840165,0
20,3.043689091850666,3.673382198952879,0.030211137123225,1
162,11.458594228143683,-1.83669109947644,0.0189875264588989,0
87,4.4760133703686265,3.673382198952879,0.150777987567938,1
41,8.235864601478273,1.83669109947644,0.0199479580278359,0
111,4.4760133703686265,3.673382198952879,0.150777987567938,1
110,4.4760133703686265,3.469305410122164,0.0834673769419556,1
130,4.296972835553881,3.673382198952879,0.092194601752811,1
196,9.757709147403606,0.1020383944153577,0.139010077033333,0
13,4.4760133703686265,4.693766143106457,0.0303363677948919,1
83,4.4760133703686265,3.673382198952879,0.150777987567938,1
104,4.4760133703686265,2.2448446771378707,0.0257333118597222,1
46,9.131067275552,0.8163071553228621,0.0260030756978459,0
49,9.668188879996231,0.2040767888307155,0.0978724319677358,0
154,10.026269949625725,-0.2040767888307155,0.0424944275844996,0
160,11.100513158514191,-1.4285375218150087,0.0208977576092969,0
86,4.4760133703686265,3.673382198952879,0.150777987567938,1
138,5.729297114071842,3.673382198952879,0.0318371922259532,1
6,4.4760133703686265,3.2652286212914485,0.049856145372289,1
78,10.921472623699447,1.4285375218150087,0.0214801152141842,0
166,8.235864601478273,-1.6326143106457245,0.0202899643863328,0
145,8.414905136293017,1.6326143106457245,0.0210657257578422,0
126,3.5808106962949013,3.673382198952879,0.0350934989334048,1
183,11.27955369332894,1.83669109947644,0.0193467497363311,0
37,6.087378183701332,3.673382198952879,0.0291008026370198,1
54,10.56339155406996,-0.8163071553228621,0.0237294517208934,0
15,4.4760133703686265,5.101919720767888,0.0255396927555974,1
4,4.4760133703686265,2.8570750436300174,0.0334685762948465,1
117,4.4760133703686265,4.897842931937173,0.0280500162767184,1
84,4.4760133703686265,3.673382198952879,0.150777987567938,1
120,2.5065674874064308,3.673382198952879,0.0213997322181279,1
100,9.757709147403606,0.1020383944153577,0.139010077033333,0
106,4.4760133703686265,2.652998254799302,0.0304780551453843,1
164,7.877783531848783,-2.040767888307155,0.0161351869741182,0
18,2.685608022221176,3.673382198952879,0.0264419468703225,1
74,10.205310484440467,0.6122303664921466,0.0302063833840909,0
68,9.131067275552,-0.6122303664921466,0.0259315035683069,0
189,4.4760133703686265,3.673382198952879,0.150777987567938,1
109,4.4760133703686265,3.2652286212914485,0.049856145372289,1
80,11.27955369332894,1.83669109947644,0.0193467497363311,0
168,8.593945671107763,-1.2244607329842931,0.0217542543478476,0
144,8.235864601478273,1.83669109947644,0.0199479580278359,0
51,10.026269949625725,-0.2040767888307155,0.0424944275844996,0
61,7.877783531848783,-2.040767888307155,0.0161351869741182,0
114,4.4760133703686265,4.285612565445026,0.0385051751225533,1
159,10.921472623699447,-1.2244607329842931,0.0216170220436761,0
62,8.056824066663527,-1.83669109947644,0.0191441650722482,0
178,10.384351019255211,0.8163071553228621,0.025842855962283,0
50,9.84722941481098,0.0,0.0978486198316125,0
155,10.205310484440467,-0.408153577661431,0.030193340728226,0
142,6.445459253330822,3.673382198952879,0.0218842826508851,1
23,3.5808106962949013,3.673382198952879,0.0350934989334048,1
190,4.4760133703686265,3.673382198952879,0.150777987567938,1
204,9.757709147403606,0.1020383944153577,0.139010077033333,0
181,10.921472623699447,1.4285375218150087,0.0214801152141842,0
113,4.4760133703686265,4.08153577661431,0.049798265022507,1
127,3.7598512311096464,3.673382198952879,0.0382587225947924,1
199,9.757709147403606,0.1020383944153577,0.139010077033333,0
76,10.56339155406996,1.0203839441535776,0.0237142639153537,0
29,4.655053905183372,3.673382198952879,0.0922339602943547,1
184,11.458594228143683,2.040767888307155,0.0162761492932418,0
36,5.908337648886587,3.673382198952879,0.0305457341977275,1
69,9.310107810366745,-0.408153577661431,0.0302656341538613,0
67,8.952026740737253,-0.8163071553228621,0.0238408634887514,0
187,4.4760133703686265,3.673382198952879,0.150777987567938,1
70,9.489148345181489,-0.2040767888307155,0.0425412521513689,0
192,4.4760133703686265,3.673382198952879,0.150777987567938,1
152,9.668188879996231,0.2040767888307155,0.0978724319677358,0
116,4.4760133703686265,4.693766143106457,0.0303363677948919,1
0,4.4760133703686265,2.040767888307155,0.0209651069005809,1
82,4.4760133703686265,3.673382198952879,0.150777987567938,1
197,9.757709147403606,0.1020383944153577,0.139010077033333,0
97,9.757709147403606,0.1020383944153577,0.139010077033333,0
172,9.310107810366745,-0.408153577661431,0.0302656341538613,0
174,9.668188879996231,0.0,0.0978654611740421,0
96,9.757709147403606,0.1020383944153577,0.139010077033333,0
34,5.550256579257097,3.673382198952879,0.0333047485351202,1
24,3.7598512311096464,3.673382198952879,0.0382587225947924,1
135,5.192175509627607,3.673382198952879,0.0384184835737338,1
153,9.84722941481098,0.0,0.0978486198316125,0
3,4.4760133703686265,2.652998254799302,0.0304780551453843,1
60,11.63763476295843,-2.040767888307155,0.0159760867363045,0
175,9.84722941481098,0.2040767888307155,0.0978542628226995,0
176,10.026269949625725,0.408153577661431,0.0425070537990192,0
71,9.668188879996231,0.0,0.0978654611740421,0
186,4.4760133703686265,3.673382198952879,0.150777987567938,1
134,5.0131349748128615,3.673382198952879,0.0441254373520443,1
75,10.384351019255211,0.8163071553228621,0.025842855962283,0
39,6.445459253330822,3.673382198952879,0.0218842826508851,1
157,10.56339155406996,-0.8163071553228621,0.0237294517208934,0
91,4.4760133703686265,3.673382198952879,0.150777987567938,1
25,3.938891765924392,3.673382198952879,0.0440064328318081,1
27,4.296972835553881,3.673382198952879,0.092194601752811,1
101,9.757709147403606,0.1020383944153577,0.139010077033333,0
179,10.56339155406996,1.0203839441535776,0.0237142639153537,0
